Name,Review
ORNOB,WORLD'S BEST SPOKEN ENGLISH BOOK
Istiaq Ahmed,"ржкрзНрж░ржержорзЗ ржнрж╛ржмрж╕рж┐рж▓рж╛ржо ржХрж┐ ржирж╛ ржХрж┐ ржмржЗред рждрж╛рж░ржкрж░ ржмржЗ ржХрж┐ржирзЗ ржпрж╛ ржмрзБржЬрж▓рж╛ржо, ржжрзЗрж╢рзЗ ржПрж░ржХржо рж╕рж╣ржЬ ржХрж░рзЗ ржЗржВрж▓рж┐рж╢ рж╢рзЗржЦрж╛рж░ ржмржЗ ржЦрзБржм ржХржоржЗ ржЖржЫрзЗред ржПржЗ ржмржЗ ржПрж░ ржЬржирзНржп ржорзБржиржЬрж╛рж░рж┐ржи ржжрзЗрж╢ рж╕рзЗрж░рж╛ рж╣ржмрзЗред
ржмржЗржЯрж┐ ржирж┐рзЯржорж┐ ..."
Ali Alklak Milon,"The book's cover is like a personal photo album. A total of four photos of the author on both sides of the cover ЁЯШо, however, a good book for beginne ..."
Md. Samin Mustakim,Nice
Sayeed Ibna Shams,ржпрж╛рж░рж╛ рж╕рзНржкрзЛржХрзЗржи ржЗржВрж▓рж┐рж╢ ржПржХржжржо рж╢рзБрж░рзБ ржХрж░рждрзЗ ржЪрж╛ржЪрзНржЫрзЗ рждрж╛ржжрзЗрж░ ржЬржирзНржп ржПржЯрж┐ ржПржХржЯрж┐ ржнрж╛рж▓рзЛ ржмржЗ рж╣рждрзЗ ржкрж╛рж░рзЗред ржЖржорж╛рж░ рж░рж┐ржХрзЛржорзЗржирзНржЯ ржерж╛ржХржмрзЗ ржмржЗ ржерзЗржХрзЗржУ ржЖржкржирж┐ ржпржжрж┐ рждрж╛рж░ ржнрж┐ржбрж┐ржУ ржжрзЗржЦрзЗржи рждрж╛рж╣рж▓рзЗ рж╕рзЗржЯрж┐ ржЖржкржирж╛рж░ ...
Junaed Rahman,ржЕрж╕рж╛ржзрж╛рж░ржг ржПржХржЯрж┐ ржмржЗ ржЙржкрж╣рж╛рж░ ржжрзЗржпрж╝рж╛рж░ ржЬржирзНржп ржзржирзНржпржмрж╛ржж ржорзБржиржЬрзЗрж░рж┐ржи ржЖржкрзБржХрзЗ
MD Shahriar ,Very helpful
Mr. Al Mohammed Shakib Ayesma,This book is such an amazing book for our daily speaking English. It's a suitable book for the readers
Nader Nihal,very good to read.
Sojib Sarker,Good
Rakibul Islam Limon,best book for learning English
Fahim Khan,Nice
HEAD SHOOT,"thanks rokomari
khob valo akti boi
#munzereenshahid"
Lingkon Paul,good
Md. Nazmul Islam,ржлрж╛рж▓рждрзБ ржмржЗ
